{"cameraMode":{"drawMode":0,"name":"Shaded","section":"Shading Mode"},"sceneLighting":true,"audioPlay":false,"sceneViewState":{"m_AlwaysRefresh":false,"showFog":true,"showSkybox":true,"showFlares":true,"showImageEffects":true,"showParticleSystems":true,"showVisualEffectGraphs":true,"m_FxEnabled":false},"in2DMode":false,"pivot":{"x":132.29107666015626,"y":7.266761779785156,"z":235.34634399414063},"rotation":{"x":0.0031323274597525598,"y":0.31866151094436648,"z":-0.001054088119417429,"w":0.9478734731674194},"size":83.51314544677735,"orthographic":false}