{"cameraMode":{"drawMode":0,"name":"Shaded","section":"Shading Mode"},"sceneLighting":false,"audioPlay":false,"sceneViewState":{"m_AlwaysRefresh":false,"showFog":true,"showSkybox":true,"showFlares":true,"showImageEffects":true,"showParticleSystems":true,"showVisualEffectGraphs":true,"m_FxEnabled":false},"in2DMode":false,"pivot":{"x":5.042448043823242,"y":9.189661026000977,"z":1.1584553718566895},"rotation":{"x":-0.055113933980464938,"y":0.8944025039672852,"z":-0.11492772400379181,"w":-0.42876574397087099},"size":0.04008851945400238,"orthographic":false}